email,password,password_confirmation,reset_password_token,reset_password_sent_at,first_name,last_name,bio,linked_in,twitter
ssadiq07@gmail.com,1q2w3e,1q2w3e,,,Sabah ,Sadiq,I've been practicing yoga for over 30 years and teaching for 15 years. Recently went back to school and got certified! I do gentle - to - moderate yoga suitable for beginners and intermediate. I can also help with breathing and relaxation techniques.,https://www.linkedin.com/in/sabah-sadiq-31b0118/,https://twitter.com/sadiqscientist
fahnestock@foo.com,1q2w3e,1q2w3e,,,Arron,Fahnestock,I've been practicing yoga for over 30 years and teaching for 15 years. Recently went back to school and got certified! I do gentle - to - moderate yoga suitable for beginners and intermediate. I can also help with breathing and relaxation techniques.,https://www.linkedin.com/in/sabah-sadiq-31b0118/,https://twitter.com/sadiqscientist
fleenor@foo.com,1q2w3e,1q2w3e,,,Leif,Fleenor,I've been practicing yoga for over 30 years and teaching for 15 years. Recently went back to school and got certified! I do gentle - to - moderate yoga suitable for beginners and intermediate. I can also help with breathing and relaxation techniques.,https://www.linkedin.com/in/sabah-sadiq-31b0118/,
brandenberger@foo.com,1q2w3e,1q2w3e,,,Ebony,Brandenberger,I've been practicing yoga for over 30 years and teaching for 15 years. Recently went back to school and got certified! I do gentle - to - moderate yoga suitable for beginners and intermediate. I can also help with breathing and relaxation techniques.,https://www.linkedin.com/in/sabah-sadiq-31b0118/,https://twitter.com/sadiqscientist
moritz@foo.com,1q2w3e,1q2w3e,,,Betsy,Moritz,I've been practicing yoga for over 30 years and teaching for 15 years. Recently went back to school and got certified! I do gentle - to - moderate yoga suitable for beginners and intermediate. I can also help with breathing and relaxation techniques.,https://www.linkedin.com/in/sabah-sadiq-31b0118/,
starrett@foo.com,1q2w3e,1q2w3e,,,Chelsey,Starrett,I've been practicing yoga for over 30 years and teaching for 15 years. Recently went back to school and got certified! I do gentle - to - moderate yoga suitable for beginners and intermediate. I can also help with breathing and relaxation techniques.,https://www.linkedin.com/in/sabah-sadiq-31b0118/,https://twitter.com/sadiqscientist
reno@foo.com,1q2w3e,1q2w3e,,,Elda,Reno,I've been practicing yoga for over 30 years and teaching for 15 years. Recently went back to school and got certified! I do gentle - to - moderate yoga suitable for beginners and intermediate. I can also help with breathing and relaxation techniques.,,https://twitter.com/sadiqscientist
ruse@foo.com,1q2w3e,1q2w3e,,,Mirta,Ruse,I've been practicing yoga for over 30 years and teaching for 15 years. Recently went back to school and got certified! I do gentle - to - moderate yoga suitable for beginners and intermediate. I can also help with breathing and relaxation techniques.,,https://twitter.com/sadiqscientist
amey@foo.com,1q2w3e,1q2w3e,,,Nell,Amey,I've been practicing yoga for over 30 years and teaching for 15 years. Recently went back to school and got certified! I do gentle - to - moderate yoga suitable for beginners and intermediate. I can also help with breathing and relaxation techniques.,https://www.linkedin.com/in/sabah-sadiq-31b0118/,https://twitter.com/sadiqscientist
freshour@foo.com,1q2w3e,1q2w3e,,,Mertie,Freshour,I've been practicing yoga for over 30 years and teaching for 15 years. Recently went back to school and got certified! I do gentle - to - moderate yoga suitable for beginners and intermediate. I can also help with breathing and relaxation techniques.,,https://twitter.com/sadiqscientist
holleman@foo.com,1q2w3e,1q2w3e,,,Tambra,Holleman,I've been practicing yoga for over 30 years and teaching for 15 years. Recently went back to school and got certified! I do gentle - to - moderate yoga suitable for beginners and intermediate. I can also help with breathing and relaxation techniques.,,https://twitter.com/sadiqscientist
tatham@foo.com,1q2w3e,1q2w3e,,,Ivory,Tatham,I've been practicing yoga for over 30 years and teaching for 15 years. Recently went back to school and got certified! I do gentle - to - moderate yoga suitable for beginners and intermediate. I can also help with breathing and relaxation techniques.,,https://twitter.com/sadiqscientist
melara@foo.com,1q2w3e,1q2w3e,,,Nanci,Melara,I've been practicing yoga for over 30 years and teaching for 15 years. Recently went back to school and got certified! I do gentle - to - moderate yoga suitable for beginners and intermediate. I can also help with breathing and relaxation techniques.,https://www.linkedin.com/in/sabah-sadiq-31b0118/,https://twitter.com/sadiqscientist
farias@foo.com,1q2w3e,1q2w3e,,,Bettyann,Farias,I've been practicing yoga for over 30 years and teaching for 15 years. Recently went back to school and got certified! I do gentle - to - moderate yoga suitable for beginners and intermediate. I can also help with breathing and relaxation techniques.,https://www.linkedin.com/in/sabah-sadiq-31b0118/,
vandermeer@foo.com,1q2w3e,1q2w3e,,,Mercedes,Vandermeer,I've been practicing yoga for over 30 years and teaching for 15 years. Recently went back to school and got certified! I do gentle - to - moderate yoga suitable for beginners and intermediate. I can also help with breathing and relaxation techniques.,,https://twitter.com/sadiqscientist
michelsen@foo.com,1q2w3e,1q2w3e,,,Kyong,Michelsen,I've been practicing yoga for over 30 years and teaching for 15 years. Recently went back to school and got certified! I do gentle - to - moderate yoga suitable for beginners and intermediate. I can also help with breathing and relaxation techniques.,https://www.linkedin.com/in/sabah-sadiq-31b0118/,
land@foo.com,1q2w3e,1q2w3e,,,Barry,Land,I've been practicing yoga for over 30 years and teaching for 15 years. Recently went back to school and got certified! I do gentle - to - moderate yoga suitable for beginners and intermediate. I can also help with breathing and relaxation techniques.,,https://twitter.com/sadiqscientist
christensen@foo.com,1q2w3e,1q2w3e,,,Hiroko,Christensen,I've been practicing yoga for over 30 years and teaching for 15 years. Recently went back to school and got certified! I do gentle - to - moderate yoga suitable for beginners and intermediate. I can also help with breathing and relaxation techniques.,,
filson@foo.com,1q2w3e,1q2w3e,,,Charlsie,Filson,I've been practicing yoga for over 30 years and teaching for 15 years. Recently went back to school and got certified! I do gentle - to - moderate yoga suitable for beginners and intermediate. I can also help with breathing and relaxation techniques.,,https://twitter.com/sadiqscientist
mitchel@foo.com,1q2w3e,1q2w3e,,,Lieselotte,Mitchel,I've been practicing yoga for over 30 years and teaching for 15 years. Recently went back to school and got certified! I do gentle - to - moderate yoga suitable for beginners and intermediate. I can also help with breathing and relaxation techniques.,https://www.linkedin.com/in/sabah-sadiq-31b0118/,
stimson@foo.com,1q2w3e,1q2w3e,,,Hyacinth,Stimson,I've been practicing yoga for over 30 years and teaching for 15 years. Recently went back to school and got certified! I do gentle - to - moderate yoga suitable for beginners and intermediate. I can also help with breathing and relaxation techniques.,https://www.linkedin.com/in/sabah-sadiq-31b0118/,
manross@foo.com,1q2w3e,1q2w3e,,,Lilly,Manross,I've been practicing yoga for over 30 years and teaching for 15 years. Recently went back to school and got certified! I do gentle - to - moderate yoga suitable for beginners and intermediate. I can also help with breathing and relaxation techniques.,https://www.linkedin.com/in/sabah-sadiq-31b0118/,https://twitter.com/sadiqscientist
price@foo.com,1q2w3e,1q2w3e,,,Jamaal,Price,I've been practicing yoga for over 30 years and teaching for 15 years. Recently went back to school and got certified! I do gentle - to - moderate yoga suitable for beginners and intermediate. I can also help with breathing and relaxation techniques.,https://www.linkedin.com/in/sabah-sadiq-31b0118/,
sanborn@foo.com,1q2w3e,1q2w3e,,,Ona,Sanborn,I've been practicing yoga for over 30 years and teaching for 15 years. Recently went back to school and got certified! I do gentle - to - moderate yoga suitable for beginners and intermediate. I can also help with breathing and relaxation techniques.,,
rehder@foo.com,1q2w3e,1q2w3e,,,Cammy,Rehder,I've been practicing yoga for over 30 years and teaching for 15 years. Recently went back to school and got certified! I do gentle - to - moderate yoga suitable for beginners and intermediate. I can also help with breathing and relaxation techniques.,https://www.linkedin.com/in/sabah-sadiq-31b0118/,
segrest@foo.com,1q2w3e,1q2w3e,,,Kali,Segrest,I've been practicing yoga for over 30 years and teaching for 15 years. Recently went back to school and got certified! I do gentle - to - moderate yoga suitable for beginners and intermediate. I can also help with breathing and relaxation techniques.,,
pigeon@foo.com,1q2w3e,1q2w3e,,,Clifton,Pigeon,I've been practicing yoga for over 30 years and teaching for 15 years. Recently went back to school and got certified! I do gentle - to - moderate yoga suitable for beginners and intermediate. I can also help with breathing and relaxation techniques.,,https://twitter.com/sadiqscientist
kjos@foo.com,1q2w3e,1q2w3e,,,Pearlene,Kjos,I've been practicing yoga for over 30 years and teaching for 15 years. Recently went back to school and got certified! I do gentle - to - moderate yoga suitable for beginners and intermediate. I can also help with breathing and relaxation techniques.,https://www.linkedin.com/in/sabah-sadiq-31b0118/,
blodgett@foo.com,1q2w3e,1q2w3e,,,Concetta,Blodgett,I've been practicing yoga for over 30 years and teaching for 15 years. Recently went back to school and got certified! I do gentle - to - moderate yoga suitable for beginners and intermediate. I can also help with breathing and relaxation techniques.,https://www.linkedin.com/in/sabah-sadiq-31b0118/,
candelario@foo.com,1q2w3e,1q2w3e,,,Darryl,Candelario,I've been practicing yoga for over 30 years and teaching for 15 years. Recently went back to school and got certified! I do gentle - to - moderate yoga suitable for beginners and intermediate. I can also help with breathing and relaxation techniques.,https://www.linkedin.com/in/sabah-sadiq-31b0118/,
zwick@foo.com,1q2w3e,1q2w3e,,,Anibal,Zwick,I've been practicing yoga for over 30 years and teaching for 15 years. Recently went back to school and got certified! I do gentle - to - moderate yoga suitable for beginners and intermediate. I can also help with breathing and relaxation techniques.,https://www.linkedin.com/in/sabah-sadiq-31b0118/,https://twitter.com/sadiqscientist
weatherby@foo.com,1q2w3e,1q2w3e,,,Velia,Weatherby,I've been practicing yoga for over 30 years and teaching for 15 years. Recently went back to school and got certified! I do gentle - to - moderate yoga suitable for beginners and intermediate. I can also help with breathing and relaxation techniques.,,
rao@foo.com,1q2w3e,1q2w3e,,,Kate,Rao,I've been practicing yoga for over 30 years and teaching for 15 years. Recently went back to school and got certified! I do gentle - to - moderate yoga suitable for beginners and intermediate. I can also help with breathing and relaxation techniques.,,https://twitter.com/sadiqscientist
kell@foo.com,1q2w3e,1q2w3e,,,Cinderella,Kell,I've been practicing yoga for over 30 years and teaching for 15 years. Recently went back to school and got certified! I do gentle - to - moderate yoga suitable for beginners and intermediate. I can also help with breathing and relaxation techniques.,,
mercier@foo.com,1q2w3e,1q2w3e,,,Georgiana,Mercier,I've been practicing yoga for over 30 years and teaching for 15 years. Recently went back to school and got certified! I do gentle - to - moderate yoga suitable for beginners and intermediate. I can also help with breathing and relaxation techniques.,,
benfield@foo.com,1q2w3e,1q2w3e,,,Fran,Benfield,I've been practicing yoga for over 30 years and teaching for 15 years. Recently went back to school and got certified! I do gentle - to - moderate yoga suitable for beginners and intermediate. I can also help with breathing and relaxation techniques.,https://www.linkedin.com/in/sabah-sadiq-31b0118/,https://twitter.com/sadiqscientist
chavarin@foo.com,1q2w3e,1q2w3e,,,Karoline,Chavarin,I've been practicing yoga for over 30 years and teaching for 15 years. Recently went back to school and got certified! I do gentle - to - moderate yoga suitable for beginners and intermediate. I can also help with breathing and relaxation techniques.,https://www.linkedin.com/in/sabah-sadiq-31b0118/,
chesney@foo.com,1q2w3e,1q2w3e,,,Krystyna,Chesney,I've been practicing yoga for over 30 years and teaching for 15 years. Recently went back to school and got certified! I do gentle - to - moderate yoga suitable for beginners and intermediate. I can also help with breathing and relaxation techniques.,,
swedberg@foo.com,1q2w3e,1q2w3e,,,Valeria,Swedberg,I've been practicing yoga for over 30 years and teaching for 15 years. Recently went back to school and got certified! I do gentle - to - moderate yoga suitable for beginners and intermediate. I can also help with breathing and relaxation techniques.,,
lindgren@foo.com,1q2w3e,1q2w3e,,,Lindy,Lindgren,I've been practicing yoga for over 30 years and teaching for 15 years. Recently went back to school and got certified! I do gentle - to - moderate yoga suitable for beginners and intermediate. I can also help with breathing and relaxation techniques.,,
evers@foo.com,1q2w3e,1q2w3e,,,Theresa,Evers,I've been practicing yoga for over 30 years and teaching for 15 years. Recently went back to school and got certified! I do gentle - to - moderate yoga suitable for beginners and intermediate. I can also help with breathing and relaxation techniques.,,
kruger@foo.com,1q2w3e,1q2w3e,,,Thanh,Kruger,I've been practicing yoga for over 30 years and teaching for 15 years. Recently went back to school and got certified! I do gentle - to - moderate yoga suitable for beginners and intermediate. I can also help with breathing and relaxation techniques.,https://www.linkedin.com/in/sabah-sadiq-31b0118/,
lindblad@foo.com,1q2w3e,1q2w3e,,,Shellie,Lindblad,I've been practicing yoga for over 30 years and teaching for 15 years. Recently went back to school and got certified! I do gentle - to - moderate yoga suitable for beginners and intermediate. I can also help with breathing and relaxation techniques.,,
gray@foo.com,1q2w3e,1q2w3e,,,Collin,Gray,I've been practicing yoga for over 30 years and teaching for 15 years. Recently went back to school and got certified! I do gentle - to - moderate yoga suitable for beginners and intermediate. I can also help with breathing and relaxation techniques.,,https://twitter.com/sadiqscientist
hennessey@foo.com,1q2w3e,1q2w3e,,,Chelsie,Hennessey,I've been practicing yoga for over 30 years and teaching for 15 years. Recently went back to school and got certified! I do gentle - to - moderate yoga suitable for beginners and intermediate. I can also help with breathing and relaxation techniques.,https://www.linkedin.com/in/sabah-sadiq-31b0118/,https://twitter.com/sadiqscientist
villalba@foo.com,1q2w3e,1q2w3e,,,Myrtle,Villalba,I've been practicing yoga for over 30 years and teaching for 15 years. Recently went back to school and got certified! I do gentle - to - moderate yoga suitable for beginners and intermediate. I can also help with breathing and relaxation techniques.,,https://twitter.com/sadiqscientist
roesch@foo.com,1q2w3e,1q2w3e,,,Mitsue,Roesch,I've been practicing yoga for over 30 years and teaching for 15 years. Recently went back to school and got certified! I do gentle - to - moderate yoga suitable for beginners and intermediate. I can also help with breathing and relaxation techniques.,https://www.linkedin.com/in/sabah-sadiq-31b0118/,
pulley@foo.com,1q2w3e,1q2w3e,,,Anton,Pulley,I've been practicing yoga for over 30 years and teaching for 15 years. Recently went back to school and got certified! I do gentle - to - moderate yoga suitable for beginners and intermediate. I can also help with breathing and relaxation techniques.,https://www.linkedin.com/in/sabah-sadiq-31b0118/,
beer@foo.com,1q2w3e,1q2w3e,,,Felicidad,Beer,I've been practicing yoga for over 30 years and teaching for 15 years. Recently went back to school and got certified! I do gentle - to - moderate yoga suitable for beginners and intermediate. I can also help with breathing and relaxation techniques.,,
spanos@foo.com,1q2w3e,1q2w3e,,,Enid,Spanos,I've been practicing yoga for over 30 years and teaching for 15 years. Recently went back to school and got certified! I do gentle - to - moderate yoga suitable for beginners and intermediate. I can also help with breathing and relaxation techniques.,,
krishnan@foo.com,1q2w3e,1q2w3e,,,Edward,Krishnan,I've been practicing yoga for over 30 years and teaching for 15 years. Recently went back to school and got certified! I do gentle - to - moderate yoga suitable for beginners and intermediate. I can also help with breathing and relaxation techniques.,https://www.linkedin.com/in/sabah-sadiq-31b0118/,https://twitter.com/sadiqscientist
